id,type_name,run_type,run_time,gps
1,在宅出勤,出勤,08:16:00,"35.643952,139.825733"
2,在宅退勤,退勤,18:40:00,"35.643952,139.825733"
3,新木場出勤,出勤,08:20:00,"35.643952,139.825733"
4,新木場退勤,退勤,18:12:00,"35.643952,139.825733"
